{"num_graphs": 400, "max_nodes": 5, "num_graph_labels": 2, "num_node_labels": 1, "num_edge_labels": 1, "adj_matrices": [[[0, 1, 0, 1, 1], [1, 0, 1, 0, 0], [0, 1, 0, 1, 0], [1, 0, 1, 0, 0], [1, 0, 0, 0, 0]], [[0, 1, 0, 0, 1], [1, 0, 0, 1, 0], [0, 0, 0, 1, 0], [0, 1, 1, 0, 1], [1, 0, 0, 1, 0]], [[0, 1, 0, 1, 1], [1, 0, 0, 0, 0], [0, 0, 0, 1, 0], [1, 0, 1, 0, 1], [1, 0, 0, 1, 0]], [[0, 1, 1, 1, 1], [1, 0, 1, 0, 0], [1, 1, 0, 0, 0], [1, 0, 0, 0, 0], [1, 0, 0, 0, 0]], [[0, 1, 0, 0, 1], [1, 0, 1, 0, 0], [0, 1, 0, 1, 0], [0, 0, 1, 0, 1], [1, 0, 0, 1, 0]], [[0, 1, 0, 1, 0], [1, 0, 0, 1, 1], [0, 0, 0, 1, 0], [1, 1, 1, 0, 0], [0, 1, 0, 0, 0]], [[0, 1, 0, 0, 1], [1, 0, 1, 0, 0], [0, 1, 0, 1, 0], [0, 0, 1, 0, 1], [1, 0, 0, 1, 0]], [[0, 1, 0, 0, 1], [1, 0, 1, 0, 0], [0, 1, 0, 1, 0], [0, 0, 1, 0, 1], [1, 0, 0, 1, 0]], [[0, 0, 0, 1, 0], [0, 0, 1, 0, 1], [0, 1, 0, 1, 0], [1, 0, 1, 0, 1], [0, 1, 0, 1, 0]], [[0, 1, 0, 0, 1], [1, 0, 1, 0, 0], [0, 1, 0, 1, 0], [0, 0, 1, 0, 1], [1, 0, 0, 1, 0]], [[0, 1, 0, 0, 1], [1, 0, 1, 0, 0], [0, 1, 0, 1, 0], [0, 0, 1, 0, 1], [1, 0, 0, 1, 0]], [[0, 1, 0, 0, 1], [1, 0, 1, 1, 0], [0, 1, 0, 1, 0], [0, 1, 1, 0, 0], [1, 0, 0, 0, 0]], [[0, 1, 0, 0, 1], [1, 0, 1, 0, 0], [0, 1, 0, 1, 0], [0, 0, 1, 0, 1], [1, 0, 0, 1, 0]], [[0, 1, 0, 0, 1], [1, 0, 1, 0, 0], [0, 1, 0, 1, 0], [0, 0, 1, 0, 1], [1, 0, 0, 1, 0]], [[0, 1, 0, 0, 1], [1, 0, 1, 0, 0], [0, 1, 0, 0, 1], [0, 0, 0, 0, 1], [1, 0, 1, 1, 0]], [[0, 1, 0, 0, 1], [1, 0, 1, 1, 0], [0, 1, 0, 1, 0], [0, 1, 1, 0, 0], [1, 0, 0, 0, 0]], [[0, 1, 1, 0, 1], [1, 0, 1, 0, 0], [1, 1, 0, 1, 0], [0, 0, 1, 0, 0], [1, 0, 0, 0, 0]], [[0, 1, 0, 0, 1], [1, 0, 1, 1, 0], [0, 1, 0, 1, 0], [0, 1, 1, 0, 0], [1, 0, 0, 0, 0]], [[0, 1, 0, 0, 1], [1, 0, 1, 0, 1], [0, 1, 0, 1, 0], [0, 0, 1, 0, 0], [1, 1, 0, 0, 0]], [[0, 1, 0, 0, 1], [1, 0, 0, 0, 1], [0, 0, 0, 1, 0], [0, 0, 1, 0, 1], [1, 1, 0, 1, 0]], [[0, 0, 0, 1, 0], [0, 0, 1, 1, 0], [0, 1, 0, 1, 0], [1, 1, 1, 0, 1], [0, 0, 0, 1, 0]], [[0, 1, 0, 0, 1], [1, 0, 1, 0, 0], [0, 1, 0, 1, 0], [0, 0, 1, 0, 1], [1, 0, 0, 1, 0]], [[0, 1, 0, 0, 1], [1, 0, 1, 0, 0], [0, 1, 0, 1, 0], [0, 0, 1, 0, 1], [1, 0, 0, 1, 0]], [[0, 1, 0, 0, 1], [1, 0, 1, 0, 0], [0, 1, 0, 1, 0], [0, 0, 1, 0, 1], [1, 0, 0, 1, 0]], [[0, 1, 0, 0, 1], [1, 0, 1, 0, 0], [0, 1, 0, 1, 0], [0, 0, 1, 0, 1], [1, 0, 0, 1, 0]], [[0, 1, 0, 0, 1], [1, 0, 1, 0, 0], [0, 1, 0, 1, 0], [0, 0, 1, 0, 1], [1, 0, 0, 1, 0]], [[0, 1, 0, 0, 1], [1, 0, 1, 0, 0], [0, 1, 0, 1, 0], [0, 0, 1, 0, 1], [1, 0, 0, 1, 0]], [[0, 1, 0, 1, 0], [1, 0, 1, 0, 0], [0, 1, 0, 1, 1], [1, 0, 1, 0, 0], [0, 0, 1, 0, 0]], [[0, 0, 1, 1, 0], [0, 0, 1, 0, 0], [1, 1, 0, 0, 1], [1, 0, 0, 0, 1], [0, 0, 1, 1, 0]], [[0, 1, 0, 0, 1], [1, 0, 1, 0, 0], [0, 1, 0, 1, 0], [0, 0, 1, 0, 1], [1, 0, 0, 1, 0]], [[0, 1, 0, 0, 1], [1, 0, 0, 1, 0], [0, 0, 0, 1, 0], [0, 1, 1, 0, 1], [1, 0, 0, 1, 0]], [[0, 1, 0, 0, 1], [1, 0, 1, 0, 0], [0, 1, 0, 1, 0], [0, 0, 1, 0, 1], [1, 0, 0, 1, 0]], [[0, 1, 0, 0, 1], [1, 0, 1, 0, 0], [0, 1, 0, 1, 0], [0, 0, 1, 0, 1], [1, 0, 0, 1, 0]], [[0, 1, 0, 0, 1], [1, 0, 1, 0, 0], [0, 1, 0, 1, 0], [0, 0, 1, 0, 1], [1, 0, 0, 1, 0]], [[0, 1, 0, 1, 1], [1, 0, 1, 0, 0], [0, 1, 0, 1, 0], [1, 0, 1, 0, 0], [1, 0, 0, 0, 0]], [[0, 1, 0, 0, 0], [1, 0, 1, 0, 0], [0, 1, 0, 1, 1], [0, 0, 1, 0, 1], [0, 0, 1, 1, 0]], [[0, 1, 0, 1, 1], [1, 0, 1, 0, 0], [0, 1, 0, 1, 0], [1, 0, 1, 0, 0], [1, 0, 0, 0, 0]], [[0, 1, 0, 1, 1], [1, 0, 1, 0, 0], [0, 1, 0, 1, 0], [1, 0, 1, 0, 0], [1, 0, 0, 0, 0]], [[0, 1, 0, 0, 1], [1, 0, 1, 0, 0], [0, 1, 0, 1, 0], [0, 0, 1, 0, 1], [1, 0, 0, 1, 0]], [[0, 1, 1, 0, 0], [1, 0, 1, 0, 1], [1, 1, 0, 0, 0], [0, 0, 0, 0, 1], [0, 1, 0, 1, 0]], [[0, 1, 0, 0, 0], [1, 0, 1, 0, 1], [0, 1, 0, 1, 0], [0, 0, 1, 0, 1], [0, 1, 0, 1, 0]], [[0, 1, 1, 0, 0], [1, 0, 1, 0, 1], [1, 1, 0, 0, 0], [0, 0, 0, 0, 1], [0, 1, 0, 1, 0]], [[0, 0, 0, 1, 1], [0, 0, 1, 0, 0], [0, 1, 0, 1, 0], [1, 0, 1, 0, 1], [1, 0, 0, 1, 0]], [[0, 1, 0, 0, 0], [1, 0, 1, 0, 1], [0, 1, 0, 1, 0], [0, 0, 1, 0, 1], [0, 1, 0, 1, 0]], [[0, 1, 0, 0, 0], [1, 0, 1, 0, 1], [0, 1, 0, 0, 1], [0, 0, 0, 0, 1], [0, 1, 1, 1, 0]], [[0, 0, 1, 0, 1], [0, 0, 0, 1, 0], [1, 0, 0, 1, 0], [0, 1, 1, 0, 1], [1, 0, 0, 1, 0]], [[0, 1, 1, 0, 1], [1, 0, 1, 0, 0], [1, 1, 0, 0, 0], [0, 0, 0, 0, 1], [1, 0, 0, 1, 0]], [[0, 1, 0, 0, 1], [1, 0, 1, 0, 0], [0, 1, 0, 1, 0], [0, 0, 1, 0, 1], [1, 0, 0, 1, 0]], [[0, 0, 1, 0, 1], [0, 0, 1, 0, 0], [1, 1, 0, 1, 0], [0, 0, 1, 0, 1], [1, 0, 0, 1, 0]], [[0, 1, 0, 0, 1], [1, 0, 1, 0, 0], [0, 1, 0, 1, 0], [0, 0, 1, 0, 1], [1, 0, 0, 1, 0]], [[0, 1, 0, 0, 1], [1, 0, 1, 0, 0], [0, 1, 0, 0, 1], [0, 0, 0, 0, 1], [1, 0, 1, 1, 0]], [[0, 1, 0, 0, 1], [1, 0, 1, 0, 0], [0, 1, 0, 1, 0], [0, 0, 1, 0, 1], [1, 0, 0, 1, 0]], [[0, 1, 0, 0, 1], [1, 0, 1, 0, 0], [0, 1, 0, 1, 0], [0, 0, 1, 0, 1], [1, 0, 0, 1, 0]], [[0, 1, 0, 0, 1], [1, 0, 1, 0, 0], [0, 1, 0, 1, 0], [0, 0, 1, 0, 1], [1, 0, 0, 1, 0]], [[0, 1, 0, 0, 1], [1, 0, 1, 0, 0], [0, 1, 0, 1, 0], [0, 0, 1, 0, 1], [1, 0, 0, 1, 0]], [[0, 1, 0, 0, 0], [1, 0, 1, 0, 1], [0, 1, 0, 0, 1], [0, 0, 0, 0, 1], [0, 1, 1, 1, 0]], [[0, 0, 1, 0, 0], [0, 0, 1, 0, 0], [1, 1, 0, 1, 1], [0, 0, 1, 0, 1], [0, 0, 1, 1, 0]], [[0, 0, 0, 1, 1], [0, 0, 1, 0, 0], [0, 1, 0, 1, 0], [1, 0, 1, 0, 1], [1, 0, 0, 1, 0]], [[0, 1, 0, 0, 1], [1, 0, 1, 0, 0], [0, 1, 0, 1, 0], [0, 0, 1, 0, 1], [1, 0, 0, 1, 0]], [[0, 1, 0, 0, 1], [1, 0, 1, 0, 0], [0, 1, 0, 1, 0], [0, 0, 1, 0, 1], [1, 0, 0, 1, 0]], [[0, 1, 0, 0, 1], [1, 0, 1, 0, 0], [0, 1, 0, 1, 0], [0, 0, 1, 0, 1], [1, 0, 0, 1, 0]], [[0, 1, 0, 0, 1], [1, 0, 0, 1, 0], [0, 0, 0, 1, 0], [0, 1, 1, 0, 1], [1, 0, 0, 1, 0]], [[0, 1, 0, 1, 1], [1, 0, 1, 0, 0], [0, 1, 0, 1, 0], [1, 0, 1, 0, 0], [1, 0, 0, 0, 0]], [[0, 1, 1, 0, 0], [1, 0, 1, 0, 1], [1, 1, 0, 0, 0], [0, 0, 0, 0, 1], [0, 1, 0, 1, 0]], [[0, 0, 1, 0, 1], [0, 0, 1, 0, 0], [1, 1, 0, 0, 1], [0, 0, 0, 0, 1], [1, 0, 1, 1, 0]], [[0, 1, 0, 0, 1], [1, 0, 1, 0, 0], [0, 1, 0, 1, 0], [0, 0, 1, 0, 1], [1, 0, 0, 1, 0]], [[0, 0, 1, 1, 1], [0, 0, 1, 0, 0], [1, 1, 0, 1, 0], [1, 0, 1, 0, 0], [1, 0, 0, 0, 0]], [[0, 0, 0, 1, 1], [0, 0, 1, 0, 0], [0, 1, 0, 0, 1], [1, 0, 0, 0, 1], [1, 0, 1, 1, 0]], [[0, 1, 0, 0, 1], [1, 0, 1, 0, 0], [0, 1, 0, 1, 0], [0, 0, 1, 0, 1], [1, 0, 0, 1, 0]], [[0, 1, 0, 0, 1], [1, 0, 1, 0, 0], [0, 1, 0, 0, 1], [0, 0, 0, 0, 1], [1, 0, 1, 1, 0]], [[0, 1, 0, 0, 1], [1, 0, 1, 0, 0], [0, 1, 0, 1, 0], [0, 0, 1, 0, 1], [1, 0, 0, 1, 0]], [[0, 1, 1, 0, 1], [1, 0, 0, 1, 0], [1, 0, 0, 0, 0], [0, 1, 0, 0, 1], [1, 0, 0, 1, 0]], [[0, 1, 0, 0, 1], [1, 0, 1, 1, 0], [0, 1, 0, 0, 0], [0, 1, 0, 0, 1], [1, 0, 0, 1, 0]], [[0, 1, 0, 0, 1], [1, 0, 1, 0, 0], [0, 1, 0, 0, 1], [0, 0, 0, 0, 1], [1, 0, 1, 1, 0]], [[0, 1, 0, 0, 0], [1, 0, 1, 1, 0], [0, 1, 0, 1, 0], [0, 1, 1, 0, 1], [0, 0, 0, 1, 0]], [[0, 1, 0, 0, 0], [1, 0, 1, 0, 0], [0, 1, 0, 1, 1], [0, 0, 1, 0, 1], [0, 0, 1, 1, 0]], [[0, 0, 1, 0, 1], [0, 0, 1, 0, 0], [1, 1, 0, 1, 0], [0, 0, 1, 0, 1], [1, 0, 0, 1, 0]], [[0, 1, 0, 0, 1], [1, 0, 1, 0, 0], [0, 1, 0, 0, 1], [0, 0, 0, 0, 1], [1, 0, 1, 1, 0]], [[0, 1, 0, 1, 1], [1, 0, 1, 0, 0], [0, 1, 0, 1, 0], [1, 0, 1, 0, 0], [1, 0, 0, 0, 0]], [[0, 1, 0, 1, 1], [1, 0, 0, 0, 0], [0, 0, 0, 1, 0], [1, 0, 1, 0, 1], [1, 0, 0, 1, 0]], [[0, 1, 0, 0, 1], [1, 0, 1, 0, 0], [0, 1, 0, 1, 0], [0, 0, 1, 0, 1], [1, 0, 0, 1, 0]], [[0, 1, 0, 0, 1], [1, 0, 1, 0, 0], [0, 1, 0, 1, 0], [0, 0, 1, 0, 1], [1, 0, 0, 1, 0]], [[0, 1, 0, 1, 1], [1, 0, 1, 0, 0], [0, 1, 0, 1, 0], [1, 0, 1, 0, 0], [1, 0, 0, 0, 0]], [[0, 0, 1, 0, 1], [0, 0, 1, 0, 0], [1, 1, 0, 1, 0], [0, 0, 1, 0, 1], [1, 0, 0, 1, 0]], [[0, 1, 0, 0, 0], [1, 0, 1, 0, 0], [0, 1, 0, 1, 1], [0, 0, 1, 0, 1], [0, 0, 1, 1, 0]], [[0, 0, 1, 0, 1], [0, 0, 1, 0, 0], [1, 1, 0, 0, 1], [0, 0, 0, 0, 1], [1, 0, 1, 1, 0]], [[0, 1, 0, 0, 0], [1, 0, 0, 1, 0], [0, 0, 0, 1, 1], [0, 1, 1, 0, 1], [0, 0, 1, 1, 0]], [[0, 1, 0, 0, 1], [1, 0, 1, 0, 0], [0, 1, 0, 1, 0], [0, 0, 1, 0, 1], [1, 0, 0, 1, 0]], [[0, 1, 0, 0, 1], [1, 0, 0, 0, 1], [0, 0, 0, 1, 0], [0, 0, 1, 0, 1], [1, 1, 0, 1, 0]], [[0, 0, 0, 1, 1], [0, 0, 1, 1, 0], [0, 1, 0, 1, 0], [1, 1, 1, 0, 0], [1, 0, 0, 0, 0]], [[0, 1, 0, 0, 1], [1, 0, 1, 0, 0], [0, 1, 0, 1, 0], [0, 0, 1, 0, 1], [1, 0, 0, 1, 0]], [[0, 1, 0, 1, 1], [1, 0, 1, 0, 0], [0, 1, 0, 1, 0], [1, 0, 1, 0, 0], [1, 0, 0, 0, 0]], [[0, 1, 0, 0, 1], [1, 0, 1, 0, 0], [0, 1, 0, 1, 0], [0, 0, 1, 0, 1], [1, 0, 0, 1, 0]], [[0, 1, 0, 0, 1], [1, 0, 0, 0, 1], [0, 0, 0, 1, 0], [0, 0, 1, 0, 1], [1, 1, 0, 1, 0]], [[0, 1, 0, 0, 1], [1, 0, 1, 1, 0], [0, 1, 0, 1, 0], [0, 1, 1, 0, 0], [1, 0, 0, 0, 0]], [[0, 1, 1, 0, 0], [1, 0, 1, 0, 0], [1, 1, 0, 0, 1], [0, 0, 0, 0, 1], [0, 0, 1, 1, 0]], [[0, 1, 1, 0, 0], [1, 0, 1, 1, 0], [1, 1, 0, 0, 0], [0, 1, 0, 0, 1], [0, 0, 0, 1, 0]], [[0, 1, 0, 0, 0], [1, 0, 1, 0, 0], [0, 1, 0, 1, 1], [0, 0, 1, 0, 1], [0, 0, 1, 1, 0]], [[0, 0, 1, 0, 1], [0, 0, 1, 0, 0], [1, 1, 0, 1, 0], [0, 0, 1, 0, 1], [1, 0, 0, 1, 0]], [[0, 0, 1, 0, 0], [0, 0, 1, 0, 0], [1, 1, 0, 1, 1], [0, 0, 1, 0, 1], [0, 0, 1, 1, 0]], [[0, 1, 1, 0, 0], [1, 0, 0, 1, 0], [1, 0, 0, 0, 1], [0, 1, 0, 0, 1], [0, 0, 1, 1, 0]], [[0, 1, 0, 0, 1], [1, 0, 1, 0, 0], [0, 1, 0, 1, 0], [0, 0, 1, 0, 1], [1, 0, 0, 1, 0]], [[0, 1, 0, 0, 1], [1, 0, 0, 0, 1], [0, 0, 0, 1, 0], [0, 0, 1, 0, 1], [1, 1, 0, 1, 0]], [[0, 0, 1, 0, 1], [0, 0, 1, 0, 0], [1, 1, 0, 0, 1], [0, 0, 0, 0, 1], [1, 0, 1, 1, 0]], [[0, 1, 0, 0, 1], [1, 0, 1, 0, 0], [0, 1, 0, 1, 0], [0, 0, 1, 0, 1], [1, 0, 0, 1, 0]], [[0, 1, 0, 0, 0], [1, 0, 0, 1, 1], [0, 0, 0, 1, 1], [0, 1, 1, 0, 0], [0, 1, 1, 0, 0]], [[0, 1, 1, 0, 0], [1, 0, 0, 0, 1], [1, 0, 0, 0, 1], [0, 0, 0, 0, 1], [0, 1, 1, 1, 0]], [[0, 0, 1, 0, 0], [0, 0, 0, 0, 1], [1, 0, 0, 1, 1], [0, 0, 1, 0, 1], [0, 1, 1, 1, 0]], [[0, 1, 0, 1, 1], [1, 0, 1, 0, 0], [0, 1, 0, 1, 0], [1, 0, 1, 0, 0], [1, 0, 0, 0, 0]], [[0, 0, 0, 1, 1], [0, 0, 1, 0, 0], [0, 1, 0, 1, 0], [1, 0, 1, 0, 1], [1, 0, 0, 1, 0]], [[0, 0, 1, 1, 1], [0, 0, 1, 0, 0], [1, 1, 0, 0, 0], [1, 0, 0, 0, 1], [1, 0, 0, 1, 0]], [[0, 1, 0, 0, 1], [1, 0, 1, 0, 0], [0, 1, 0, 1, 0], [0, 0, 1, 0, 1], [1, 0, 0, 1, 0]], [[0, 1, 1, 0, 1], [1, 0, 1, 0, 0], [1, 1, 0, 0, 0], [0, 0, 0, 0, 1], [1, 0, 0, 1, 0]], [[0, 1, 0, 1, 0], [1, 0, 1, 0, 1], [0, 1, 0, 1, 0], [1, 0, 1, 0, 0], [0, 1, 0, 0, 0]], [[0, 1, 0, 0, 0], [1, 0, 1, 0, 1], [0, 1, 0, 1, 0], [0, 0, 1, 0, 1], [0, 1, 0, 1, 0]], [[0, 1, 0, 0, 1], [1, 0, 0, 0, 1], [0, 0, 0, 1, 0], [0, 0, 1, 0, 1], [1, 1, 0, 1, 0]], [[0, 1, 0, 1, 1], [1, 0, 1, 0, 0], [0, 1, 0, 1, 0], [1, 0, 1, 0, 0], [1, 0, 0, 0, 0]], [[0, 1, 1, 0, 1], [1, 0, 1, 0, 0], [1, 1, 0, 1, 0], [0, 0, 1, 0, 0], [1, 0, 0, 0, 0]], [[0, 1, 0, 1, 1], [1, 0, 0, 0, 1], [0, 0, 0, 1, 0], [1, 0, 1, 0, 0], [1, 1, 0, 0, 0]], [[0, 1, 0, 0, 0], [1, 0, 1, 0, 0], [0, 1, 0, 1, 1], [0, 0, 1, 0, 1], [0, 0, 1, 1, 0]], [[0, 1, 0, 0, 0], [1, 0, 1, 0, 0], [0, 1, 0, 1, 1], [0, 0, 1, 0, 1], [0, 0, 1, 1, 0]], [[0, 1, 1, 0, 0], [1, 0, 1, 0, 0], [1, 1, 0, 0, 1], [0, 0, 0, 0, 1], [0, 0, 1, 1, 0]], [[0, 0, 1, 0, 1], [0, 0, 1, 0, 0], [1, 1, 0, 1, 0], [0, 0, 1, 0, 1], [1, 0, 0, 1, 0]], [[0, 1, 0, 0, 0], [1, 0, 1, 0, 1], [0, 1, 0, 1, 0], [0, 0, 1, 0, 1], [0, 1, 0, 1, 0]], [[0, 1, 0, 0, 1], [1, 0, 1, 0, 0], [0, 1, 0, 1, 0], [0, 0, 1, 0, 1], [1, 0, 0, 1, 0]], [[0, 0, 1, 1, 1], [0, 0, 1, 0, 0], [1, 1, 0, 1, 0], [1, 0, 1, 0, 0], [1, 0, 0, 0, 0]], [[0, 1, 0, 0, 1], [1, 0, 1, 0, 0], [0, 1, 0, 1, 0], [0, 0, 1, 0, 1], [1, 0, 0, 1, 0]], [[0, 1, 0, 0, 1], [1, 0, 1, 0, 0], [0, 1, 0, 0, 1], [0, 0, 0, 0, 1], [1, 0, 1, 1, 0]], [[0, 1, 0, 0, 1], [1, 0, 1, 0, 0], [0, 1, 0, 1, 0], [0, 0, 1, 0, 1], [1, 0, 0, 1, 0]], [[0, 1, 0, 0, 1], [1, 0, 1, 0, 0], [0, 1, 0, 1, 0], [0, 0, 1, 0, 1], [1, 0, 0, 1, 0]], [[0, 0, 1, 0, 0], [0, 0, 1, 0, 0], [1, 1, 0, 1, 1], [0, 0, 1, 0, 1], [0, 0, 1, 1, 0]], [[0, 1, 0, 0, 1], [1, 0, 1, 0, 0], [0, 1, 0, 1, 0], [0, 0, 1, 0, 1], [1, 0, 0, 1, 0]], [[0, 1, 0, 0, 1], [1, 0, 1, 0, 0], [0, 1, 0, 1, 0], [0, 0, 1, 0, 1], [1, 0, 0, 1, 0]], [[0, 1, 0, 1, 1], [1, 0, 1, 0, 0], [0, 1, 0, 1, 0], [1, 0, 1, 0, 0], [1, 0, 0, 0, 0]], [[0, 1, 0, 0, 0], [1, 0, 0, 1, 0], [0, 0, 0, 1, 1], [0, 1, 1, 0, 1], [0, 0, 1, 1, 0]], [[0, 1, 0, 0, 1], [1, 0, 1, 0, 0], [0, 1, 0, 0, 1], [0, 0, 0, 0, 1], [1, 0, 1, 1, 0]], [[0, 1, 0, 0, 1], [1, 0, 0, 0, 1], [0, 0, 0, 1, 0], [0, 0, 1, 0, 1], [1, 1, 0, 1, 0]], [[0, 0, 0, 1, 1], [0, 0, 1, 0, 0], [0, 1, 0, 1, 0], [1, 0, 1, 0, 1], [1, 0, 0, 1, 0]], [[0, 0, 1, 0, 0], [0, 0, 1, 1, 0], [1, 1, 0, 1, 1], [0, 1, 1, 0, 0], [0, 0, 1, 0, 0]], [[0, 1, 0, 0, 1], [1, 0, 1, 0, 0], [0, 1, 0, 1, 0], [0, 0, 1, 0, 1], [1, 0, 0, 1, 0]], [[0, 1, 0, 0, 0], [1, 0, 1, 1, 0], [0, 1, 0, 1, 0], [0, 1, 1, 0, 1], [0, 0, 0, 1, 0]], [[0, 1, 0, 0, 1], [1, 0, 1, 0, 0], [0, 1, 0, 1, 0], [0, 0, 1, 0, 1], [1, 0, 0, 1, 0]], [[0, 1, 1, 0, 1], [1, 0, 1, 0, 0], [1, 1, 0, 0, 0], [0, 0, 0, 0, 1], [1, 0, 0, 1, 0]], [[0, 1, 0, 0, 1], [1, 0, 0, 1, 1], [0, 0, 0, 1, 0], [0, 1, 1, 0, 0], [1, 1, 0, 0, 0]], [[0, 1, 0, 0, 1], [1, 0, 1, 0, 0], [0, 1, 0, 1, 0], [0, 0, 1, 0, 1], [1, 0, 0, 1, 0]], [[0, 1, 0, 0, 0], [1, 0, 1, 0, 0], [0, 1, 0, 1, 1], [0, 0, 1, 0, 1], [0, 0, 1, 1, 0]], [[0, 1, 0, 0, 1], [1, 0, 0, 1, 0], [0, 0, 0, 1, 0], [0, 1, 1, 0, 1], [1, 0, 0, 1, 0]], [[0, 1, 0, 0, 1], [1, 0, 1, 0, 0], [0, 1, 0, 1, 0], [0, 0, 1, 0, 1], [1, 0, 0, 1, 0]], [[0, 1, 0, 0, 1], [1, 0, 1, 1, 0], [0, 1, 0, 0, 0], [0, 1, 0, 0, 1], [1, 0, 0, 1, 0]], [[0, 1, 0, 0, 1], [1, 0, 1, 0, 0], [0, 1, 0, 1, 0], [0, 0, 1, 0, 1], [1, 0, 0, 1, 0]], [[0, 1, 0, 0, 1], [1, 0, 1, 0, 0], [0, 1, 0, 1, 0], [0, 0, 1, 0, 1], [1, 0, 0, 1, 0]], [[0, 1, 0, 0, 0], [1, 0, 1, 0, 0], [0, 1, 0, 1, 1], [0, 0, 1, 0, 1], [0, 0, 1, 1, 0]], [[0, 1, 1, 0, 0], [1, 0, 1, 0, 1], [1, 1, 0, 0, 0], [0, 0, 0, 0, 1], [0, 1, 0, 1, 0]], [[0, 1, 0, 0, 1], [1, 0, 1, 1, 0], [0, 1, 0, 1, 0], [0, 1, 1, 0, 0], [1, 0, 0, 0, 0]], [[0, 1, 0, 0, 1], [1, 0, 1, 0, 0], [0, 1, 0, 1, 0], [0, 0, 1, 0, 1], [1, 0, 0, 1, 0]], [[0, 1, 0, 0, 1], [1, 0, 1, 1, 0], [0, 1, 0, 0, 1], [0, 1, 0, 0, 0], [1, 0, 1, 0, 0]], [[0, 1, 1, 0, 1], [1, 0, 1, 0, 0], [1, 1, 0, 0, 0], [0, 0, 0, 0, 1], [1, 0, 0, 1, 0]], [[0, 1, 0, 0, 0], [1, 0, 0, 0, 1], [0, 0, 0, 1, 1], [0, 0, 1, 0, 1], [0, 1, 1, 1, 0]], [[0, 1, 0, 0, 0], [1, 0, 1, 0, 0], [0, 1, 0, 1, 1], [0, 0, 1, 0, 1], [0, 0, 1, 1, 0]], [[0, 1, 0, 0, 1], [1, 0, 1, 0, 0], [0, 1, 0, 1, 0], [0, 0, 1, 0, 1], [1, 0, 0, 1, 0]], [[0, 1, 0, 0, 1], [1, 0, 1, 0, 0], [0, 1, 0, 1, 0], [0, 0, 1, 0, 1], [1, 0, 0, 1, 0]], [[0, 1, 0, 0, 1], [1, 0, 1, 1, 0], [0, 1, 0, 1, 0], [0, 1, 1, 0, 0], [1, 0, 0, 0, 0]], [[0, 1, 0, 0, 0], [1, 0, 1, 0, 1], [0, 1, 0, 1, 0], [0, 0, 1, 0, 1], [0, 1, 0, 1, 0]], [[0, 0, 1, 0, 1], [0, 0, 1, 1, 0], [1, 1, 0, 1, 0], [0, 1, 1, 0, 0], [1, 0, 0, 0, 0]], [[0, 1, 0, 0, 1], [1, 0, 1, 0, 0], [0, 1, 0, 1, 0], [0, 0, 1, 0, 1], [1, 0, 0, 1, 0]], [[0, 1, 0, 0, 1], [1, 0, 1, 0, 0], [0, 1, 0, 1, 0], [0, 0, 1, 0, 1], [1, 0, 0, 1, 0]], [[0, 1, 0, 0, 1], [1, 0, 1, 0, 0], [0, 1, 0, 1, 0], [0, 0, 1, 0, 1], [1, 0, 0, 1, 0]], [[0, 0, 0, 1, 1], [0, 0, 1, 0, 0], [0, 1, 0, 1, 0], [1, 0, 1, 0, 1], [1, 0, 0, 1, 0]], [[0, 0, 1, 0, 0], [0, 0, 1, 0, 0], [1, 1, 0, 1, 1], [0, 0, 1, 0, 1], [0, 0, 1, 1, 0]], [[0, 1, 1, 0, 0], [1, 0, 1, 0, 0], [1, 1, 0, 0, 1], [0, 0, 0, 0, 1], [0, 0, 1, 1, 0]], [[0, 0, 1, 0, 0], [0, 0, 1, 0, 0], [1, 1, 0, 1, 1], [0, 0, 1, 0, 1], [0, 0, 1, 1, 0]], [[0, 1, 0, 0, 1], [1, 0, 1, 0, 0], [0, 1, 0, 1, 0], [0, 0, 1, 0, 1], [1, 0, 0, 1, 0]], [[0, 1, 0, 0, 0], [1, 0, 1, 0, 0], [0, 1, 0, 1, 1], [0, 0, 1, 0, 1], [0, 0, 1, 1, 0]], [[0, 1, 0, 0, 1], [1, 0, 1, 0, 0], [0, 1, 0, 1, 0], [0, 0, 1, 0, 1], [1, 0, 0, 1, 0]], [[0, 1, 0, 0, 1], [1, 0, 1, 0, 0], [0, 1, 0, 1, 0], [0, 0, 1, 0, 1], [1, 0, 0, 1, 0]], [[0, 1, 0, 0, 1], [1, 0, 1, 0, 0], [0, 1, 0, 1, 0], [0, 0, 1, 0, 1], [1, 0, 0, 1, 0]], [[0, 1, 0, 0, 1], [1, 0, 1, 0, 0], [0, 1, 0, 1, 0], [0, 0, 1, 0, 1], [1, 0, 0, 1, 0]], [[0, 1, 1, 0, 1], [1, 0, 1, 0, 0], [1, 1, 0, 1, 0], [0, 0, 1, 0, 0], [1, 0, 0, 0, 0]], [[0, 1, 0, 0, 1], [1, 0, 0, 0, 1], [0, 0, 0, 1, 0], [0, 0, 1, 0, 1], [1, 1, 0, 1, 0]], [[0, 1, 0, 0, 1], [1, 0, 1, 0, 0], [0, 1, 0, 1, 0], [0, 0, 1, 0, 1], [1, 0, 0, 1, 0]], [[0, 1, 0, 0, 1], [1, 0, 1, 1, 0], [0, 1, 0, 1, 0], [0, 1, 1, 0, 0], [1, 0, 0, 0, 0]], [[0, 1, 0, 0, 1], [1, 0, 1, 0, 0], [0, 1, 0, 0, 1], [0, 0, 0, 0, 1], [1, 0, 1, 1, 0]], [[0, 1, 0, 0, 0], [1, 0, 1, 0, 0], [0, 1, 0, 1, 1], [0, 0, 1, 0, 1], [0, 0, 1, 1, 0]], [[0, 1, 0, 0, 1], [1, 0, 1, 0, 0], [0, 1, 0, 1, 0], [0, 0, 1, 0, 1], [1, 0, 0, 1, 0]], [[0, 1, 0, 0, 1], [1, 0, 1, 0, 0], [0, 1, 0, 1, 0], [0, 0, 1, 0, 1], [1, 0, 0, 1, 0]], [[0, 1, 0, 1, 1], [1, 0, 1, 0, 0], [0, 1, 0, 1, 0], [1, 0, 1, 0, 0], [1, 0, 0, 0, 0]], [[0, 1, 0, 0, 0], [1, 0, 1, 0, 0], [0, 1, 0, 1, 1], [0, 0, 1, 0, 1], [0, 0, 1, 1, 0]], [[0, 1, 0, 0, 1], [1, 0, 1, 0, 0], [0, 1, 0, 1, 0], [0, 0, 1, 0, 1], [1, 0, 0, 1, 0]], [[0, 1, 0, 0, 1], [1, 0, 0, 1, 0], [0, 0, 0, 1, 0], [0, 1, 1, 0, 1], [1, 0, 0, 1, 0]], [[0, 1, 1, 0, 1], [1, 0, 1, 0, 0], [1, 1, 0, 0, 0], [0, 0, 0, 0, 1], [1, 0, 0, 1, 0]], [[0, 1, 1, 0, 1], [1, 0, 1, 0, 0], [1, 1, 0, 0, 0], [0, 0, 0, 0, 1], [1, 0, 0, 1, 0]], [[0, 1, 0, 0, 0], [1, 0, 0, 1, 0], [0, 0, 0, 1, 1], [0, 1, 1, 0, 1], [0, 0, 1, 1, 0]], [[0, 1, 0, 0, 1], [1, 0, 0, 1, 0], [0, 0, 0, 1, 0], [0, 1, 1, 0, 1], [1, 0, 0, 1, 0]], [[0, 1, 0, 1, 1], [1, 0, 0, 1, 0], [0, 0, 0, 1, 0], [1, 1, 1, 0, 0], [1, 0, 0, 0, 0]], [[0, 1, 0, 0, 0], [1, 0, 1, 0, 1], [0, 1, 0, 1, 0], [0, 0, 1, 0, 1], [0, 1, 0, 1, 0]], [[0, 0, 0, 1, 1], [0, 0, 1, 0, 0], [0, 1, 0, 0, 1], [1, 0, 0, 0, 1], [1, 0, 1, 1, 0]], [[0, 0, 0, 1, 1], [0, 0, 1, 1, 0], [0, 1, 0, 0, 0], [1, 1, 0, 0, 1], [1, 0, 0, 1, 0]], [[0, 1, 0, 1, 1], [1, 0, 1, 0, 0], [0, 1, 0, 1, 0], [1, 0, 1, 0, 0], [1, 0, 0, 0, 0]], [[0, 0, 0, 1, 1], [0, 0, 0, 1, 0], [0, 0, 0, 1, 0], [1, 1, 1, 0, 1], [1, 0, 0, 1, 0]], [[0, 1, 0, 0, 0], [1, 0, 1, 0, 0], [0, 1, 0, 1, 1], [0, 0, 1, 0, 1], [0, 0, 1, 1, 0]], [[0, 0, 1, 0, 1], [0, 0, 1, 1, 0], [1, 1, 0, 1, 0], [0, 1, 1, 0, 0], [1, 0, 0, 0, 0]], [[0, 0, 1, 0, 0], [0, 0, 0, 0, 1], [1, 0, 0, 1, 1], [0, 0, 1, 0, 1], [0, 1, 1, 1, 0]], [[0, 1, 0, 0, 1], [1, 0, 1, 0, 0], [0, 1, 0, 1, 1], [0, 0, 1, 0, 0], [1, 0, 1, 0, 0]], [[0, 1, 0, 0, 1], [1, 0, 1, 1, 0], [0, 1, 0, 1, 0], [0, 1, 1, 0, 0], [1, 0, 0, 0, 0]], [[0, 1, 0, 0, 1], [1, 0, 1, 0, 0], [0, 1, 0, 1, 0], [0, 0, 1, 0, 1], [1, 0, 0, 1, 0]], [[0, 1, 0, 0, 0], [1, 0, 1, 1, 1], [0, 1, 0, 1, 0], [0, 1, 1, 0, 0], [0, 1, 0, 0, 0]], [[0, 1, 0, 0, 1], [1, 0, 1, 0, 0], [0, 1, 0, 1, 0], [0, 0, 1, 0, 1], [1, 0, 0, 1, 0]], [[0, 1, 0, 1, 1], [1, 0, 1, 0, 0], [0, 1, 0, 1, 0], [1, 0, 1, 0, 0], [1, 0, 0, 0, 0]], [[0, 1, 0, 0, 1], [1, 0, 1, 0, 0], [0, 1, 0, 1, 0], [0, 0, 1, 0, 1], [1, 0, 0, 1, 0]], [[0, 1, 0, 0, 1], [1, 0, 1, 0, 0], [0, 1, 0, 1, 0], [0, 0, 1, 0, 1], [1, 0, 0, 1, 0]], [[0, 1, 0, 0, 1], [1, 0, 1, 0, 0], [0, 1, 0, 1, 0], [0, 0, 1, 0, 1], [1, 0, 0, 1, 0]], [[0, 1, 1, 0, 1], [1, 0, 1, 0, 0], [1, 1, 0, 1, 0], [0, 0, 1, 0, 0], [1, 0, 0, 0, 0]], [[0, 1, 0, 0, 1], [1, 0, 1, 0, 0], [0, 1, 0, 1, 0], [0, 0, 1, 0, 1], [1, 0, 0, 1, 0]], [[0, 1, 0, 0, 1], [1, 0, 1, 0, 0], [0, 1, 0, 1, 0], [0, 0, 1, 0, 1], [1, 0, 0, 1, 0]], [[0, 1, 0, 1, 0], [1, 0, 0, 1, 0], [0, 0, 0, 1, 0], [1, 1, 1, 0, 1], [0, 0, 0, 1, 0]], [[0, 1, 0, 0, 1], [1, 0, 0, 0, 1], [0, 0, 0, 1, 0], [0, 0, 1, 0, 1], [1, 1, 0, 1, 0]], [[0, 0, 0, 1, 1], [0, 0, 1, 0, 0], [0, 1, 0, 0, 1], [1, 0, 0, 0, 1], [1, 0, 1, 1, 0]], [[0, 1, 0, 0, 0], [1, 0, 1, 0, 0], [0, 1, 0, 1, 1], [0, 0, 1, 0, 1], [0, 0, 1, 1, 0]], [[0, 1, 0, 0, 1], [1, 0, 1, 0, 0], [0, 1, 0, 1, 0], [0, 0, 1, 0, 1], [1, 0, 0, 1, 0]], [[0, 1, 0, 0, 0], [1, 0, 1, 0, 1], [0, 1, 0, 1, 0], [0, 0, 1, 0, 1], [0, 1, 0, 1, 0]], [[0, 1, 0, 0, 0], [1, 0, 1, 1, 0], [0, 1, 0, 1, 0], [0, 1, 1, 0, 1], [0, 0, 0, 1, 0]], [[0, 1, 1, 0, 1], [1, 0, 1, 0, 0], [1, 1, 0, 0, 0], [0, 0, 0, 0, 1], [1, 0, 0, 1, 0]], [[0, 1, 1, 0, 1], [1, 0, 1, 0, 0], [1, 1, 0, 0, 0], [0, 0, 0, 0, 1], [1, 0, 0, 1, 0]], [[0, 0, 1, 1, 1], [0, 0, 1, 0, 0], [1, 1, 0, 0, 0], [1, 0, 0, 0, 1], [1, 0, 0, 1, 0]], [[0, 1, 0, 1, 1], [1, 0, 1, 0, 0], [0, 1, 0, 1, 0], [1, 0, 1, 0, 0], [1, 0, 0, 0, 0]], [[0, 1, 0, 0, 1], [1, 0, 1, 0, 0], [0, 1, 0, 1, 0], [0, 0, 1, 0, 1], [1, 0, 0, 1, 0]], [[0, 1, 0, 0, 1], [1, 0, 1, 0, 0], [0, 1, 0, 1, 0], [0, 0, 1, 0, 1], [1, 0, 0, 1, 0]], [[0, 1, 0, 0, 0], [1, 0, 1, 0, 1], [0, 1, 0, 1, 0], [0, 0, 1, 0, 1], [0, 1, 0, 1, 0]], [[0, 0, 1, 1, 0], [0, 0, 1, 0, 0], [1, 1, 0, 0, 1], [1, 0, 0, 0, 1], [0, 0, 1, 1, 0]], [[0, 1, 0, 0, 1], [1, 0, 0, 0, 1], [0, 0, 0, 1, 0], [0, 0, 1, 0, 1], [1, 1, 0, 1, 0]], [[0, 0, 1, 0, 1], [0, 0, 1, 1, 0], [1, 1, 0, 1, 0], [0, 1, 1, 0, 0], [1, 0, 0, 0, 0]], [[0, 0, 1, 0, 1], [0, 0, 1, 0, 0], [1, 1, 0, 1, 0], [0, 0, 1, 0, 1], [1, 0, 0, 1, 0]], [[0, 1, 0, 0, 0], [1, 0, 1, 0, 1], [0, 1, 0, 1, 0], [0, 0, 1, 0, 1], [0, 1, 0, 1, 0]], [[0, 1, 0, 0, 1], [1, 0, 1, 0, 0], [0, 1, 0, 1, 0], [0, 0, 1, 0, 1], [1, 0, 0, 1, 0]], [[0, 1, 0, 0, 1], [1, 0, 1, 0, 0], [0, 1, 0, 1, 0], [0, 0, 1, 0, 1], [1, 0, 0, 1, 0]], [[0, 1, 0, 0, 1], [1, 0, 1, 0, 0], [0, 1, 0, 0, 1], [0, 0, 0, 0, 1], [1, 0, 1, 1, 0]], [[0, 0, 0, 1, 0], [0, 0, 1, 1, 0], [0, 1, 0, 1, 0], [1, 1, 1, 0, 1], [0, 0, 0, 1, 0]], [[0, 1, 0, 0, 1], [1, 0, 1, 0, 0], [0, 1, 0, 1, 0], [0, 0, 1, 0, 1], [1, 0, 0, 1, 0]], [[0, 0, 1, 0, 0], [0, 0, 1, 0, 1], [1, 1, 0, 1, 0], [0, 0, 1, 0, 1], [0, 1, 0, 1, 0]], [[0, 1, 0, 0, 0], [1, 0, 1, 0, 1], [0, 1, 0, 1, 0], [0, 0, 1, 0, 1], [0, 1, 0, 1, 0]], [[0, 0, 1, 0, 1], [0, 0, 0, 0, 1], [1, 0, 0, 1, 0], [0, 0, 1, 0, 1], [1, 1, 0, 1, 0]], [[0, 0, 0, 1, 1], [0, 0, 1, 0, 0], [0, 1, 0, 1, 0], [1, 0, 1, 0, 1], [1, 0, 0, 1, 0]], [[0, 1, 0, 0, 1], [1, 0, 1, 0, 0], [0, 1, 0, 1, 0], [0, 0, 1, 0, 1], [1, 0, 0, 1, 0]], [[0, 0, 1, 0, 0], [0, 0, 1, 1, 0], [1, 1, 0, 1, 1], [0, 1, 1, 0, 0], [0, 0, 1, 0, 0]], [[0, 1, 0, 0, 1], [1, 0, 1, 0, 0], [0, 1, 0, 1, 0], [0, 0, 1, 0, 1], [1, 0, 0, 1, 0]], [[0, 0, 1, 0, 1], [0, 0, 1, 0, 0], [1, 1, 0, 1, 0], [0, 0, 1, 0, 1], [1, 0, 0, 1, 0]], [[0, 1, 0, 0, 1], [1, 0, 1, 0, 0], [0, 1, 0, 1, 0], [0, 0, 1, 0, 1], [1, 0, 0, 1, 0]], [[0, 1, 0, 0, 1], [1, 0, 1, 0, 0], [0, 1, 0, 1, 1], [0, 0, 1, 0, 0], [1, 0, 1, 0, 0]], [[0, 1, 1, 0, 0], [1, 0, 0, 0, 1], [1, 0, 0, 1, 0], [0, 0, 1, 0, 1], [0, 1, 0, 1, 0]], [[0, 1, 1, 0, 0], [1, 0, 1, 1, 0], [1, 1, 0, 0, 1], [0, 1, 0, 0, 0], [0, 0, 1, 0, 0]], [[0, 1, 1, 1, 1], [1, 0, 1, 0, 0], [1, 1, 0, 0, 0], [1, 0, 0, 0, 0], [1, 0, 0, 0, 0]], [[0, 0, 0, 1, 1], [0, 0, 1, 1, 0], [0, 1, 0, 1, 0], [1, 1, 1, 0, 0], [1, 0, 0, 0, 0]], [[0, 1, 0, 0, 1], [1, 0, 1, 0, 0], [0, 1, 0, 1, 0], [0, 0, 1, 0, 1], [1, 0, 0, 1, 0]], [[0, 1, 0, 0, 1], [1, 0, 1, 0, 0], [0, 1, 0, 1, 0], [0, 0, 1, 0, 1], [1, 0, 0, 1, 0]], [[0, 1, 0, 0, 0], [1, 0, 1, 0, 0], [0, 1, 0, 1, 1], [0, 0, 1, 0, 1], [0, 0, 1, 1, 0]], [[0, 1, 0, 0, 0], [1, 0, 1, 0, 1], [0, 1, 0, 1, 0], [0, 0, 1, 0, 1], [0, 1, 0, 1, 0]], [[0, 1, 0, 0, 1], [1, 0, 1, 0, 0], [0, 1, 0, 1, 0], [0, 0, 1, 0, 1], [1, 0, 0, 1, 0]], [[0, 1, 0, 0, 1], [1, 0, 1, 0, 0], [0, 1, 0, 1, 0], [0, 0, 1, 0, 1], [1, 0, 0, 1, 0]], [[0, 1, 0, 0, 1], [1, 0, 0, 0, 1], [0, 0, 0, 1, 0], [0, 0, 1, 0, 1], [1, 1, 0, 1, 0]], [[0, 0, 1, 0, 1], [0, 0, 1, 0, 0], [1, 1, 0, 1, 0], [0, 0, 1, 0, 1], [1, 0, 0, 1, 0]], [[0, 1, 0, 0, 1], [1, 0, 1, 0, 0], [0, 1, 0, 1, 0], [0, 0, 1, 0, 1], [1, 0, 0, 1, 0]], [[0, 0, 0, 1, 1], [0, 0, 1, 0, 0], [0, 1, 0, 1, 0], [1, 0, 1, 0, 1], [1, 0, 0, 1, 0]], [[0, 1, 0, 0, 1], [1, 0, 0, 1, 0], [0, 0, 0, 1, 0], [0, 1, 1, 0, 1], [1, 0, 0, 1, 0]], [[0, 1, 0, 0, 1], [1, 0, 1, 0, 0], [0, 1, 0, 1, 0], [0, 0, 1, 0, 1], [1, 0, 0, 1, 0]], [[0, 1, 1, 0, 1], [1, 0, 1, 0, 0], [1, 1, 0, 0, 0], [0, 0, 0, 0, 1], [1, 0, 0, 1, 0]], [[0, 1, 1, 0, 0], [1, 0, 1, 0, 1], [1, 1, 0, 1, 0], [0, 0, 1, 0, 0], [0, 1, 0, 0, 0]], [[0, 1, 0, 0, 1], [1, 0, 1, 0, 0], [0, 1, 0, 1, 0], [0, 0, 1, 0, 1], [1, 0, 0, 1, 0]], [[0, 1, 0, 0, 1], [1, 0, 0, 0, 1], [0, 0, 0, 1, 0], [0, 0, 1, 0, 1], [1, 1, 0, 1, 0]], [[0, 1, 0, 0, 1], [1, 0, 1, 1, 0], [0, 1, 0, 1, 0], [0, 1, 1, 0, 0], [1, 0, 0, 0, 0]], [[0, 0, 1, 0, 0], [0, 0, 1, 0, 1], [1, 1, 0, 1, 0], [0, 0, 1, 0, 1], [0, 1, 0, 1, 0]], [[0, 1, 0, 0, 1], [1, 0, 0, 0, 1], [0, 0, 0, 1, 0], [0, 0, 1, 0, 1], [1, 1, 0, 1, 0]], [[0, 1, 0, 0, 1], [1, 0, 1, 0, 0], [0, 1, 0, 1, 0], [0, 0, 1, 0, 1], [1, 0, 0, 1, 0]], [[0, 1, 0, 0, 1], [1, 0, 1, 0, 0], [0, 1, 0, 1, 0], [0, 0, 1, 0, 1], [1, 0, 0, 1, 0]], [[0, 1, 0, 0, 0], [1, 0, 1, 0, 0], [0, 1, 0, 1, 1], [0, 0, 1, 0, 1], [0, 0, 1, 1, 0]], [[0, 1, 0, 0, 1], [1, 0, 1, 0, 0], [0, 1, 0, 1, 0], [0, 0, 1, 0, 1], [1, 0, 0, 1, 0]], [[0, 0, 0, 1, 1], [0, 0, 1, 0, 0], [0, 1, 0, 1, 0], [1, 0, 1, 0, 1], [1, 0, 0, 1, 0]], [[0, 1, 0, 0, 1], [1, 0, 1, 0, 0], [0, 1, 0, 1, 0], [0, 0, 1, 0, 1], [1, 0, 0, 1, 0]], [[0, 0, 1, 1, 1], [0, 0, 1, 0, 0], [1, 1, 0, 1, 0], [1, 0, 1, 0, 0], [1, 0, 0, 0, 0]], [[0, 1, 0, 1, 1], [1, 0, 1, 0, 0], [0, 1, 0, 1, 0], [1, 0, 1, 0, 0], [1, 0, 0, 0, 0]], [[0, 0, 0, 1, 0], [0, 0, 1, 0, 1], [0, 1, 0, 1, 0], [1, 0, 1, 0, 1], [0, 1, 0, 1, 0]], [[0, 1, 0, 0, 1], [1, 0, 1, 0, 0], [0, 1, 0, 1, 0], [0, 0, 1, 0, 1], [1, 0, 0, 1, 0]], [[0, 0, 0, 1, 0], [0, 0, 1, 0, 1], [0, 1, 0, 0, 1], [1, 0, 0, 0, 1], [0, 1, 1, 1, 0]], [[0, 1, 1, 0, 1], [1, 0, 1, 0, 0], [1, 1, 0, 0, 0], [0, 0, 0, 0, 1], [1, 0, 0, 1, 0]], [[0, 0, 0, 1, 1], [0, 0, 1, 0, 0], [0, 1, 0, 1, 0], [1, 0, 1, 0, 1], [1, 0, 0, 1, 0]], [[0, 0, 0, 1, 0], [0, 0, 1, 0, 0], [0, 1, 0, 1, 1], [1, 0, 1, 0, 1], [0, 0, 1, 1, 0]], [[0, 1, 0, 0, 1], [1, 0, 1, 0, 0], [0, 1, 0, 1, 0], [0, 0, 1, 0, 1], [1, 0, 0, 1, 0]], [[0, 1, 0, 1, 1], [1, 0, 0, 0, 1], [0, 0, 0, 1, 0], [1, 0, 1, 0, 0], [1, 1, 0, 0, 0]], [[0, 1, 0, 0, 0], [1, 0, 0, 0, 1], [0, 0, 0, 1, 1], [0, 0, 1, 0, 1], [0, 1, 1, 1, 0]], [[0, 1, 0, 0, 0], [1, 0, 1, 0, 0], [0, 1, 0, 1, 1], [0, 0, 1, 0, 1], [0, 0, 1, 1, 0]], [[0, 1, 0, 0, 1], [1, 0, 1, 0, 0], [0, 1, 0, 1, 0], [0, 0, 1, 0, 1], [1, 0, 0, 1, 0]], [[0, 1, 0, 0, 1], [1, 0, 0, 1, 0], [0, 0, 0, 1, 0], [0, 1, 1, 0, 1], [1, 0, 0, 1, 0]], [[0, 1, 0, 0, 0], [1, 0, 1, 0, 0], [0, 1, 0, 1, 1], [0, 0, 1, 0, 1], [0, 0, 1, 1, 0]], [[0, 1, 0, 0, 1], [1, 0, 1, 1, 0], [0, 1, 0, 1, 0], [0, 1, 1, 0, 0], [1, 0, 0, 0, 0]], [[0, 1, 0, 0, 1], [1, 0, 1, 1, 0], [0, 1, 0, 1, 0], [0, 1, 1, 0, 0], [1, 0, 0, 0, 0]], [[0, 1, 0, 0, 0], [1, 0, 1, 0, 1], [0, 1, 0, 0, 1], [0, 0, 0, 0, 1], [0, 1, 1, 1, 0]], [[0, 1, 0, 0, 1], [1, 0, 0, 0, 1], [0, 0, 0, 1, 0], [0, 0, 1, 0, 1], [1, 1, 0, 1, 0]], [[0, 1, 0, 0, 1], [1, 0, 1, 0, 0], [0, 1, 0, 1, 0], [0, 0, 1, 0, 1], [1, 0, 0, 1, 0]], [[0, 1, 0, 1, 0], [1, 0, 0, 0, 0], [0, 0, 0, 1, 1], [1, 0, 1, 0, 1], [0, 0, 1, 1, 0]], [[0, 1, 0, 0, 1], [1, 0, 0, 1, 0], [0, 0, 0, 0, 1], [0, 1, 0, 0, 1], [1, 0, 1, 1, 0]], [[0, 1, 0, 0, 1], [1, 0, 1, 0, 0], [0, 1, 0, 1, 0], [0, 0, 1, 0, 1], [1, 0, 0, 1, 0]], [[0, 1, 0, 0, 1], [1, 0, 1, 0, 0], [0, 1, 0, 1, 0], [0, 0, 1, 0, 1], [1, 0, 0, 1, 0]], [[0, 1, 0, 0, 1], [1, 0, 0, 0, 1], [0, 0, 0, 1, 0], [0, 0, 1, 0, 1], [1, 1, 0, 1, 0]], [[0, 1, 1, 0, 1], [1, 0, 0, 1, 0], [1, 0, 0, 1, 0], [0, 1, 1, 0, 0], [1, 0, 0, 0, 0]], [[0, 1, 0, 0, 0], [1, 0, 1, 0, 0], [0, 1, 0, 1, 1], [0, 0, 1, 0, 1], [0, 0, 1, 1, 0]], [[0, 0, 0, 1, 1], [0, 0, 1, 0, 0], [0, 1, 0, 1, 0], [1, 0, 1, 0, 1], [1, 0, 0, 1, 0]], [[0, 0, 0, 1, 1], [0, 0, 1, 1, 0], [0, 1, 0, 1, 0], [1, 1, 1, 0, 0], [1, 0, 0, 0, 0]], [[0, 0, 1, 0, 1], [0, 0, 0, 0, 1], [1, 0, 0, 1, 0], [0, 0, 1, 0, 1], [1, 1, 0, 1, 0]], [[0, 0, 0, 1, 1], [0, 0, 1, 0, 0], [0, 1, 0, 1, 0], [1, 0, 1, 0, 1], [1, 0, 0, 1, 0]], [[0, 1, 0, 0, 1], [1, 0, 1, 0, 0], [0, 1, 0, 1, 0], [0, 0, 1, 0, 1], [1, 0, 0, 1, 0]], [[0, 1, 0, 0, 1], [1, 0, 1, 1, 0], [0, 1, 0, 1, 0], [0, 1, 1, 0, 0], [1, 0, 0, 0, 0]], [[0, 1, 0, 0, 1], [1, 0, 1, 1, 0], [0, 1, 0, 0, 1], [0, 1, 0, 0, 0], [1, 0, 1, 0, 0]], [[0, 0, 1, 0, 1], [0, 0, 1, 0, 0], [1, 1, 0, 1, 0], [0, 0, 1, 0, 1], [1, 0, 0, 1, 0]], [[0, 0, 1, 1, 0], [0, 0, 1, 0, 0], [1, 1, 0, 0, 1], [1, 0, 0, 0, 1], [0, 0, 1, 1, 0]], [[0, 1, 0, 0, 1], [1, 0, 1, 0, 0], [0, 1, 0, 1, 0], [0, 0, 1, 0, 1], [1, 0, 0, 1, 0]], [[0, 1, 1, 0, 1], [1, 0, 0, 0, 1], [1, 0, 0, 1, 0], [0, 0, 1, 0, 0], [1, 1, 0, 0, 0]], [[0, 1, 0, 0, 1], [1, 0, 1, 0, 0], [0, 1, 0, 1, 0], [0, 0, 1, 0, 1], [1, 0, 0, 1, 0]], [[0, 1, 0, 0, 1], [1, 0, 1, 0, 0], [0, 1, 0, 1, 0], [0, 0, 1, 0, 1], [1, 0, 0, 1, 0]], [[0, 1, 0, 0, 1], [1, 0, 1, 0, 0], [0, 1, 0, 1, 0], [0, 0, 1, 0, 1], [1, 0, 0, 1, 0]], [[0, 1, 0, 0, 1], [1, 0, 1, 0, 0], [0, 1, 0, 1, 0], [0, 0, 1, 0, 1], [1, 0, 0, 1, 0]], [[0, 1, 1, 0, 0], [1, 0, 1, 0, 1], [1, 1, 0, 0, 0], [0, 0, 0, 0, 1], [0, 1, 0, 1, 0]], [[0, 1, 0, 0, 1], [1, 0, 1, 0, 0], [0, 1, 0, 1, 0], [0, 0, 1, 0, 1], [1, 0, 0, 1, 0]], [[0, 1, 0, 0, 0], [1, 0, 0, 1, 1], [0, 0, 0, 1, 0], [0, 1, 1, 0, 1], [0, 1, 0, 1, 0]], [[0, 0, 0, 1, 1], [0, 0, 1, 0, 0], [0, 1, 0, 0, 1], [1, 0, 0, 0, 1], [1, 0, 1, 1, 0]], [[0, 1, 0, 0, 1], [1, 0, 1, 1, 0], [0, 1, 0, 1, 0], [0, 1, 1, 0, 0], [1, 0, 0, 0, 0]], [[0, 1, 0, 0, 0], [1, 0, 1, 1, 0], [0, 1, 0, 1, 1], [0, 1, 1, 0, 0], [0, 0, 1, 0, 0]], [[0, 1, 0, 0, 1], [1, 0, 0, 0, 1], [0, 0, 0, 1, 0], [0, 0, 1, 0, 1], [1, 1, 0, 1, 0]], [[0, 1, 0, 1, 0], [1, 0, 1, 0, 0], [0, 1, 0, 1, 0], [1, 0, 1, 0, 1], [0, 0, 0, 1, 0]], [[0, 1, 0, 0, 1], [1, 0, 1, 1, 0], [0, 1, 0, 1, 0], [0, 1, 1, 0, 0], [1, 0, 0, 0, 0]], [[0, 1, 0, 0, 1], [1, 0, 1, 0, 0], [0, 1, 0, 1, 0], [0, 0, 1, 0, 1], [1, 0, 0, 1, 0]], [[0, 1, 0, 0, 1], [1, 0, 0, 1, 1], [0, 0, 0, 0, 1], [0, 1, 0, 0, 0], [1, 1, 1, 0, 0]], [[0, 1, 0, 0, 1], [1, 0, 1, 0, 0], [0, 1, 0, 1, 0], [0, 0, 1, 0, 1], [1, 0, 0, 1, 0]], [[0, 1, 1, 0, 0], [1, 0, 1, 0, 1], [1, 1, 0, 0, 0], [0, 0, 0, 0, 1], [0, 1, 0, 1, 0]], [[0, 1, 0, 0, 1], [1, 0, 0, 1, 0], [0, 0, 0, 1, 0], [0, 1, 1, 0, 1], [1, 0, 0, 1, 0]], [[0, 1, 0, 1, 1], [1, 0, 1, 0, 0], [0, 1, 0, 0, 1], [1, 0, 0, 0, 0], [1, 0, 1, 0, 0]], [[0, 0, 1, 0, 1], [0, 0, 1, 0, 0], [1, 1, 0, 1, 0], [0, 0, 1, 0, 1], [1, 0, 0, 1, 0]], [[0, 1, 0, 0, 1], [1, 0, 0, 1, 0], [0, 0, 0, 1, 0], [0, 1, 1, 0, 1], [1, 0, 0, 1, 0]], [[0, 1, 1, 0, 1], [1, 0, 0, 1, 0], [1, 0, 0, 0, 0], [0, 1, 0, 0, 1], [1, 0, 0, 1, 0]], [[0, 1, 0, 0, 1], [1, 0, 1, 0, 0], [0, 1, 0, 1, 0], [0, 0, 1, 0, 1], [1, 0, 0, 1, 0]], [[0, 1, 0, 0, 1], [1, 0, 1, 0, 0], [0, 1, 0, 1, 0], [0, 0, 1, 0, 1], [1, 0, 0, 1, 0]], [[0, 1, 0, 0, 1], [1, 0, 1, 0, 0], [0, 1, 0, 0, 1], [0, 0, 0, 0, 1], [1, 0, 1, 1, 0]], [[0, 0, 0, 1, 1], [0, 0, 1, 1, 0], [0, 1, 0, 1, 0], [1, 1, 1, 0, 0], [1, 0, 0, 0, 0]], [[0, 0, 1, 0, 1], [0, 0, 1, 0, 0], [1, 1, 0, 1, 0], [0, 0, 1, 0, 1], [1, 0, 0, 1, 0]], [[0, 1, 0, 1, 1], [1, 0, 0, 1, 0], [0, 0, 0, 0, 1], [1, 1, 0, 0, 0], [1, 0, 1, 0, 0]], [[0, 1, 0, 1, 0], [1, 0, 0, 1, 1], [0, 0, 0, 1, 0], [1, 1, 1, 0, 0], [0, 1, 0, 0, 0]], [[0, 1, 0, 0, 1], [1, 0, 0, 0, 1], [0, 0, 0, 1, 0], [0, 0, 1, 0, 1], [1, 1, 0, 1, 0]], [[0, 1, 1, 0, 1], [1, 0, 1, 0, 0], [1, 1, 0, 0, 0], [0, 0, 0, 0, 1], [1, 0, 0, 1, 0]], [[0, 0, 1, 0, 1], [0, 0, 1, 0, 0], [1, 1, 0, 1, 1], [0, 0, 1, 0, 0], [1, 0, 1, 0, 0]], [[0, 1, 1, 0, 0], [1, 0, 1, 0, 0], [1, 1, 0, 0, 1], [0, 0, 0, 0, 1], [0, 0, 1, 1, 0]], [[0, 1, 1, 0, 1], [1, 0, 1, 0, 0], [1, 1, 0, 0, 0], [0, 0, 0, 0, 1], [1, 0, 0, 1, 0]], [[0, 1, 0, 1, 0], [1, 0, 1, 0, 0], [0, 1, 0, 1, 1], [1, 0, 1, 0, 0], [0, 0, 1, 0, 0]], [[0, 1, 0, 0, 0], [1, 0, 1, 0, 1], [0, 1, 0, 1, 0], [0, 0, 1, 0, 1], [0, 1, 0, 1, 0]], [[0, 1, 0, 0, 1], [1, 0, 0, 1, 0], [0, 0, 0, 1, 0], [0, 1, 1, 0, 1], [1, 0, 0, 1, 0]], [[0, 1, 0, 0, 1], [1, 0, 1, 0, 0], [0, 1, 0, 1, 0], [0, 0, 1, 0, 1], [1, 0, 0, 1, 0]], [[0, 1, 0, 0, 1], [1, 0, 1, 0, 0], [0, 1, 0, 0, 1], [0, 0, 0, 0, 1], [1, 0, 1, 1, 0]], [[0, 1, 0, 0, 1], [1, 0, 1, 0, 0], [0, 1, 0, 1, 0], [0, 0, 1, 0, 1], [1, 0, 0, 1, 0]], [[0, 1, 0, 0, 1], [1, 0, 1, 1, 0], [0, 1, 0, 1, 0], [0, 1, 1, 0, 0], [1, 0, 0, 0, 0]], [[0, 1, 0, 0, 1], [1, 0, 0, 0, 1], [0, 0, 0, 1, 0], [0, 0, 1, 0, 1], [1, 1, 0, 1, 0]], [[0, 1, 0, 1, 1], [1, 0, 1, 0, 0], [0, 1, 0, 1, 0], [1, 0, 1, 0, 0], [1, 0, 0, 0, 0]], [[0, 0, 0, 1, 1], [0, 0, 1, 0, 0], [0, 1, 0, 1, 0], [1, 0, 1, 0, 1], [1, 0, 0, 1, 0]], [[0, 1, 1, 0, 1], [1, 0, 1, 0, 0], [1, 1, 0, 0, 0], [0, 0, 0, 0, 1], [1, 0, 0, 1, 0]], [[0, 1, 1, 1, 0], [1, 0, 1, 0, 0], [1, 1, 0, 0, 1], [1, 0, 0, 0, 0], [0, 0, 1, 0, 0]], [[0, 1, 0, 1, 1], [1, 0, 0, 1, 0], [0, 0, 0, 1, 0], [1, 1, 1, 0, 0], [1, 0, 0, 0, 0]], [[0, 1, 0, 0, 1], [1, 0, 1, 0, 0], [0, 1, 0, 0, 1], [0, 0, 0, 0, 1], [1, 0, 1, 1, 0]], [[0, 1, 0, 0, 1], [1, 0, 1, 0, 0], [0, 1, 0, 1, 0], [0, 0, 1, 0, 1], [1, 0, 0, 1, 0]], [[0, 1, 1, 0, 0], [1, 0, 1, 0, 1], [1, 1, 0, 0, 0], [0, 0, 0, 0, 1], [0, 1, 0, 1, 0]], [[0, 1, 0, 0, 0], [1, 0, 1, 0, 0], [0, 1, 0, 1, 1], [0, 0, 1, 0, 1], [0, 0, 1, 1, 0]], [[0, 0, 1, 0, 1], [0, 0, 1, 0, 0], [1, 1, 0, 1, 0], [0, 0, 1, 0, 1], [1, 0, 0, 1, 0]], [[0, 0, 0, 1, 1], [0, 0, 1, 0, 0], [0, 1, 0, 1, 0], [1, 0, 1, 0, 1], [1, 0, 0, 1, 0]], [[0, 0, 0, 1, 1], [0, 0, 1, 0, 0], [0, 1, 0, 0, 1], [1, 0, 0, 0, 1], [1, 0, 1, 1, 0]], [[0, 1, 0, 0, 1], [1, 0, 1, 0, 0], [0, 1, 0, 1, 0], [0, 0, 1, 0, 1], [1, 0, 0, 1, 0]], [[0, 1, 0, 0, 0], [1, 0, 1, 1, 1], [0, 1, 0, 1, 0], [0, 1, 1, 0, 0], [0, 1, 0, 0, 0]], [[0, 1, 0, 0, 1], [1, 0, 1, 0, 0], [0, 1, 0, 1, 0], [0, 0, 1, 0, 1], [1, 0, 0, 1, 0]], [[0, 1, 0, 0, 0], [1, 0, 1, 1, 1], [0, 1, 0, 1, 0], [0, 1, 1, 0, 0], [0, 1, 0, 0, 0]], [[0, 1, 0, 1, 0], [1, 0, 0, 0, 0], [0, 0, 0, 1, 1], [1, 0, 1, 0, 1], [0, 0, 1, 1, 0]], [[0, 1, 0, 0, 1], [1, 0, 1, 0, 0], [0, 1, 0, 1, 0], [0, 0, 1, 0, 1], [1, 0, 0, 1, 0]], [[0, 1, 0, 0, 1], [1, 0, 1, 0, 0], [0, 1, 0, 1, 0], [0, 0, 1, 0, 1], [1, 0, 0, 1, 0]], [[0, 1, 0, 1, 1], [1, 0, 0, 1, 0], [0, 0, 0, 1, 0], [1, 1, 1, 0, 0], [1, 0, 0, 0, 0]], [[0, 1, 0, 0, 0], [1, 0, 1, 0, 1], [0, 1, 0, 1, 0], [0, 0, 1, 0, 1], [0, 1, 0, 1, 0]], [[0, 1, 0, 0, 1], [1, 0, 1, 0, 0], [0, 1, 0, 1, 0], [0, 0, 1, 0, 1], [1, 0, 0, 1, 0]], [[0, 1, 0, 1, 0], [1, 0, 1, 0, 0], [0, 1, 0, 1, 1], [1, 0, 1, 0, 0], [0, 0, 1, 0, 0]], [[0, 0, 1, 0, 1], [0, 0, 1, 0, 0], [1, 1, 0, 1, 0], [0, 0, 1, 0, 1], [1, 0, 0, 1, 0]], [[0, 1, 0, 0, 1], [1, 0, 1, 0, 0], [0, 1, 0, 1, 0], [0, 0, 1, 0, 1], [1, 0, 0, 1, 0]], [[0, 1, 0, 0, 1], [1, 0, 1, 0, 0], [0, 1, 0, 1, 0], [0, 0, 1, 0, 1], [1, 0, 0, 1, 0]], [[0, 0, 0, 1, 1], [0, 0, 0, 0, 1], [0, 0, 0, 1, 0], [1, 0, 1, 0, 1], [1, 1, 0, 1, 0]], [[0, 0, 0, 1, 1], [0, 0, 1, 0, 0], [0, 1, 0, 0, 1], [1, 0, 0, 0, 1], [1, 0, 1, 1, 0]], [[0, 0, 1, 0, 1], [0, 0, 1, 0, 0], [1, 1, 0, 1, 0], [0, 0, 1, 0, 1], [1, 0, 0, 1, 0]], [[0, 1, 0, 0, 1], [1, 0, 1, 0, 0], [0, 1, 0, 1, 0], [0, 0, 1, 0, 1], [1, 0, 0, 1, 0]], [[0, 1, 0, 0, 1], [1, 0, 0, 1, 0], [0, 0, 0, 1, 0], [0, 1, 1, 0, 1], [1, 0, 0, 1, 0]], [[0, 1, 0, 0, 1], [1, 0, 1, 1, 0], [0, 1, 0, 0, 0], [0, 1, 0, 0, 1], [1, 0, 0, 1, 0]], [[0, 1, 1, 0, 1], [1, 0, 1, 0, 0], [1, 1, 0, 0, 0], [0, 0, 0, 0, 1], [1, 0, 0, 1, 0]], [[0, 1, 0, 0, 1], [1, 0, 0, 0, 1], [0, 0, 0, 0, 1], [0, 0, 0, 0, 1], [1, 1, 1, 1, 0]], [[0, 1, 1, 0, 0], [1, 0, 1, 0, 1], [1, 1, 0, 0, 0], [0, 0, 0, 0, 1], [0, 1, 0, 1, 0]], [[0, 1, 0, 0, 1], [1, 0, 1, 0, 0], [0, 1, 0, 1, 0], [0, 0, 1, 0, 1], [1, 0, 0, 1, 0]], [[0, 0, 1, 1, 1], [0, 0, 0, 1, 0], [1, 0, 0, 0, 0], [1, 1, 0, 0, 1], [1, 0, 0, 1, 0]], [[0, 1, 0, 0, 1], [1, 0, 1, 0, 0], [0, 1, 0, 1, 0], [0, 0, 1, 0, 1], [1, 0, 0, 1, 0]], [[0, 1, 0, 0, 1], [1, 0, 1, 0, 0], [0, 1, 0, 0, 1], [0, 0, 0, 0, 1], [1, 0, 1, 1, 0]], [[0, 1, 0, 0, 1], [1, 0, 1, 0, 0], [0, 1, 0, 1, 0], [0, 0, 1, 0, 1], [1, 0, 0, 1, 0]], [[0, 1, 0, 0, 1], [1, 0, 1, 0, 0], [0, 1, 0, 0, 1], [0, 0, 0, 0, 1], [1, 0, 1, 1, 0]], [[0, 0, 1, 0, 1], [0, 0, 1, 0, 0], [1, 1, 0, 1, 0], [0, 0, 1, 0, 1], [1, 0, 0, 1, 0]], [[0, 1, 0, 0, 1], [1, 0, 1, 0, 0], [0, 1, 0, 1, 0], [0, 0, 1, 0, 1], [1, 0, 0, 1, 0]]], "graph_labels": [0, 0, 1, 1, 0, 1, 0, 0, 0, 0, 0, 1, 0, 0, 0, 1, 1, 1, 1, 1, 1, 0, 0, 0, 0, 0, 0, 0, 0, 0, 0, 0, 0, 0, 0, 1, 0, 0, 0, 1, 0, 1, 1, 0, 1, 0, 1, 0, 0, 0, 0, 0, 0, 0, 0, 1, 1, 1, 0, 0, 0, 0, 0, 1, 1, 0, 1, 1, 0, 0, 0, 0, 0, 0, 1, 1, 0, 0, 0, 1, 0, 0, 0, 0, 1, 1, 1, 0, 1, 1, 0, 0, 0, 1, 1, 1, 1, 1, 0, 1, 0, 0, 1, 1, 0, 0, 0, 1, 0, 1, 1, 0, 1, 0, 0, 1, 0, 1, 1, 1, 1, 1, 0, 0, 0, 1, 0, 0, 0, 0, 1, 0, 0, 0, 1, 0, 1, 1, 1, 0, 1, 0, 1, 1, 0, 1, 0, 0, 0, 0, 0, 1, 1, 1, 0, 0, 1, 1, 1, 0, 0, 1, 0, 1, 0, 0, 0, 1, 1, 1, 1, 0, 1, 0, 0, 0, 0, 1, 1, 0, 1, 0, 1, 0, 0, 0, 1, 0, 0, 1, 1, 1, 0, 1, 0, 1, 1, 0, 1, 1, 1, 1, 0, 1, 0, 1, 0, 0, 0, 0, 0, 1, 0, 0, 1, 1, 1, 1, 0, 0, 1, 1, 1, 1, 0, 0, 0, 0, 0, 1, 1, 0, 0, 0, 0, 0, 1, 0, 0, 0, 0, 1, 0, 1, 0, 0, 0, 0, 0, 1, 1, 1, 0, 0, 1, 0, 0, 0, 1, 0, 0, 1, 0, 0, 1, 1, 0, 1, 1, 0, 1, 0, 0, 1, 0, 1, 0, 1, 0, 0, 0, 1, 1, 1, 1, 0, 1, 1, 1, 0, 0, 1, 1, 1, 1, 1, 0, 1, 0, 0, 0, 1, 0, 1, 1, 1, 0, 1, 0, 1, 0, 0, 0, 0, 1, 0, 0, 0, 0, 1, 0, 1, 1, 1, 1, 1, 0, 1, 0, 1, 0, 1, 0, 0, 0, 0, 0, 0, 0, 0, 1, 0, 1, 1, 1, 1, 1, 1, 1, 0, 0, 0, 0, 0, 0, 1, 1, 0, 1, 1, 1, 1, 0, 0, 1, 1, 0, 1, 1, 0, 1, 0, 1, 1, 0, 0, 1, 0, 0, 0, 0, 0, 0, 1, 1, 0, 0, 0, 0, 1, 1, 1, 0, 1, 0, 0, 0, 0, 0, 0], "node_labels": []}